Workbook

Sheet Daily Sales Track
A1: Account | B1: Market | C1: Currency | D1: Date | E1: Today's Sales | F1: Yesterday Sales | G1: Sales Diff | H1: Sales Growth % | I1: Same Day LY Sales | J1: Today's Orders | K1: Yesterday Orders | L1: Order Growth % | M1: Same Day LY Orders | N1: Units Sold | O1: Avg Order Value | P1: Active Listing | Q1: AH Listing | R1: AH Listing Sales | S1: AH Sales Trend | T1: PH Listing | U1: PH Listing Sales | V1: PH Sales Trend | W1: Account Sales Trend | X1: AH Holder
A2: LEDSone UK | B2: UK | C2: GBP | D2: 46251 | E2: 1122.21 | F2: 1160.45 | G2: =E2-F2 | H2: =IF(F2=0,"",(E2-F2)/F2) | I2: 928.1 | J2: 67 | K2: 65 | L2: =IF(K2=0,"",(J2-K2)/K2) | M2: 69 | N2: 104 | O2: =IF(J2=0,"",E2/J2) | P2: 3062 | Q2: 1756 | R2: 603.2 | S2: =IF(AND('Engine Inputs'!E2=0,R2=0),"",IF('Engine Inputs'!E2=0,"📈 Up",IF((R2-'Engine Inputs'!E2)/'Engine Inputs'!E2>Config!$B$2,"📈 Up",IF((R2-'Engine Inputs'!E2)/'Engine Inputs'!E2<-Config!$B$2,"📉 Down","➡ Stable")))) | T2: 1306 | U2: 517.77 | V2: =IF(AND('Engine Inputs'!D2=0,U2=0),"",IF('Engine Inputs'!D2=0,"📈 Up",IF((U2-'Engine Inputs'!D2)/'Engine Inputs'!D2>Config!$B$2,"📈 Up",IF((U2-'Engine Inputs'!D2)/'Engine Inputs'!D2<-Config!$B$2,"📉 Down","➡ Stable")))) | W2: =IF(AND(F2=0,E2=0),"",IF(F2=0,"📈 Up",IF((E2-F2)/F2>Config!$B$2,"📈 Up",IF((E2-F2)/F2<-Config!$B$2,"📉 Down","➡ Stable")))) | X2: Sharmilan
A3: ElectricalSone UK | B3: UK | C3: GBP | D3: 46251 | E3: 537.51 | F3: 293.97 | G3: =E3-F3 | H3: =IF(F3=0,"",(E3-F3)/F3) | I3: 764.91 | J3: 33 | K3: 19 | L3: =IF(K3=0,"",(J3-K3)/K3) | M3: 47 | N3: 44 | O3: =IF(J3=0,"",E3/J3) | P3: 1699 | Q3: 1102 | R3: 306.32 | S3: =IF(AND('Engine Inputs'!E3=0,R3=0),"",IF('Engine Inputs'!E3=0,"📈 Up",IF((R3-'Engine Inputs'!E3)/'Engine Inputs'!E3>Config!$B$2,"📈 Up",IF((R3-'Engine Inputs'!E3)/'Engine Inputs'!E3<-Config!$B$2,"📉 Down","➡ Stable")))) | T3: 597 | U3: 237.96 | V3: =IF(AND('Engine Inputs'!D3=0,U3=0),"",IF('Engine Inputs'!D3=0,"📈 Up",IF((U3-'Engine Inputs'!D3)/'Engine Inputs'!D3>Config!$B$2,"📈 Up",IF((U3-'Engine Inputs'!D3)/'Engine Inputs'!D3<-Config!$B$2,"📉 Down","➡ Stable")))) | W3: =IF(AND(F3=0,E3=0),"",IF(F3=0,"📈 Up",IF((E3-F3)/F3>Config!$B$2,"📈 Up",IF((E3-F3)/F3<-Config!$B$2,"📉 Down","➡ Stable")))) | X3: Kobiga
A4: LEDSone UK | B4: Germany | C4: EUR | D4: 46251 | E4: 302.99 | F4: 320.86 | G4: =E4-F4 | H4: =IF(F4=0,"",(E4-F4)/F4) | I4: 767.77 | J4: 13 | K4: 12 | L4: =IF(K4=0,"",(J4-K4)/K4) | M4: 25 | N4: 16 | O4: =IF(J4=0,"",E4/J4) | P4: 1453 | Q4: 1221 | R4: 199.69 | S4: =IF(AND('Engine Inputs'!E4=0,R4=0),"",IF('Engine Inputs'!E4=0,"📈 Up",IF((R4-'Engine Inputs'!E4)/'Engine Inputs'!E4>Config!$B$2,"📈 Up",IF((R4-'Engine Inputs'!E4)/'Engine Inputs'!E4<-Config!$B$2,"📉 Down","➡ Stable")))) | T4: 232 | U4: 3.78 | V4: =IF(AND('Engine Inputs'!D4=0,U4=0),"",IF('Engine Inputs'!D4=0,"📈 Up",IF((U4-'Engine Inputs'!D4)/'Engine Inputs'!D4>Config!$B$2,"📈 Up",IF((U4-'Engine Inputs'!D4)/'Engine Inputs'!D4<-Config!$B$2,"📉 Down","➡ Stable")))) | W4: =IF(AND(F4=0,E4=0),"",IF(F4=0,"📈 Up",IF((E4-F4)/F4>Config!$B$2,"📈 Up",IF((E4-F4)/F4<-Config!$B$2,"📉 Down","➡ Stable")))) | X4: Sharmilan
A5: Sunsone | B5: UK | C5: GBP | D5: 46251 | E5: 320.64 | F5: 234.77 | G5: =E5-F5 | H5: =IF(F5=0,"",(E5-F5)/F5) | I5: 203.52 | J5: 18 | K5: 15 | L5: =IF(K5=0,"",(J5-K5)/K5) | M5: 14 | N5: 34 | O5: =IF(J5=0,"",E5/J5) | P5: 1214 | Q5: 744 | R5: 234.1 | S5: =IF(AND('Engine Inputs'!E5=0,R5=0),"",IF('Engine Inputs'!E5=0,"📈 Up",IF((R5-'Engine Inputs'!E5)/'Engine Inputs'!E5>Config!$B$2,"📈 Up",IF((R5-'Engine Inputs'!E5)/'Engine Inputs'!E5<-Config!$B$2,"📉 Down","➡ Stable")))) | T5: 470 | U5: 87.39 | V5: =IF(AND('Engine Inputs'!D5=0,U5=0),"",IF('Engine Inputs'!D5=0,"📈 Up",IF((U5-'Engine Inputs'!D5)/'Engine Inputs'!D5>Config!$B$2,"📈 Up",IF((U5-'Engine Inputs'!D5)/'Engine Inputs'!D5<-Config!$B$2,"📉 Down","➡ Stable")))) | W5: =IF(AND(F5=0,E5=0),"",IF(F5=0,"📈 Up",IF((E5-F5)/F5>Config!$B$2,"📈 Up",IF((E5-F5)/F5<-Config!$B$2,"📉 Down","➡ Stable")))) | X5: Powsteena
A6: LEDSone DE | B6: Germany | C6: EUR | D6: 46251 | E6: 170.81 | F6: 211.06 | G6: =E6-F6 | H6: =IF(F6=0,"",(E6-F6)/F6) | I6: 337.65 | J6: 6 | K6: 6 | L6: =IF(K6=0,"",(J6-K6)/K6) | M6: 19 | N6: 8 | O6: =IF(J6=0,"",E6/J6) | P6: 670 | Q6: 581 | R6: 128.94 | S6: =IF(AND('Engine Inputs'!E6=0,R6=0),"",IF('Engine Inputs'!E6=0,"📈 Up",IF((R6-'Engine Inputs'!E6)/'Engine Inputs'!E6>Config!$B$2,"📈 Up",IF((R6-'Engine Inputs'!E6)/'Engine Inputs'!E6<-Config!$B$2,"📉 Down","➡ Stable")))) | T6: 89 | U6: 14.99 | V6: =IF(AND('Engine Inputs'!D6=0,U6=0),"",IF('Engine Inputs'!D6=0,"📈 Up",IF((U6-'Engine Inputs'!D6)/'Engine Inputs'!D6>Config!$B$2,"📈 Up",IF((U6-'Engine Inputs'!D6)/'Engine Inputs'!D6<-Config!$B$2,"📉 Down","➡ Stable")))) | W6: =IF(AND(F6=0,E6=0),"",IF(F6=0,"📈 Up",IF((E6-F6)/F6>Config!$B$2,"📈 Up",IF((E6-F6)/F6<-Config!$B$2,"📉 Down","➡ Stable")))) | X6: Jarsini
A7: LEDSone UK | B7: Ireland | C7: EUR | D7: 46251 | E7: 0 | F7: 0 | G7: =E7-F7 | H7: =IF(F7=0,"",(E7-F7)/F7) | I7: 0 | J7: 0 | K7: 0 | L7: =IF(K7=0,"",(J7-K7)/K7) | M7: 0 | N7: 0 | O7: =IF(J7=0,"",E7/J7) | P7: 634 | Q7: 634 | R7: 0 | S7: =IF(AND('Engine Inputs'!E7=0,R7=0),"",IF('Engine Inputs'!E7=0,"📈 Up",IF((R7-'Engine Inputs'!E7)/'Engine Inputs'!E7>Config!$B$2,"📈 Up",IF((R7-'Engine Inputs'!E7)/'Engine Inputs'!E7<-Config!$B$2,"📉 Down","➡ Stable")))) | T7: 0 | U7: 0 | V7: =IF(AND('Engine Inputs'!D7=0,U7=0),"",IF('Engine Inputs'!D7=0,"📈 Up",IF((U7-'Engine Inputs'!D7)/'Engine Inputs'!D7>Config!$B$2,"📈 Up",IF((U7-'Engine Inputs'!D7)/'Engine Inputs'!D7<-Config!$B$2,"📉 Down","➡ Stable")))) | W7: =IF(AND(F7=0,E7=0),"",IF(F7=0,"📈 Up",IF((E7-F7)/F7>Config!$B$2,"📈 Up",IF((E7-F7)/F7<-Config!$B$2,"📉 Down","➡ Stable")))) | X7: Sharmilan
A8: LEDSone UK | B8: Austria | C8: EUR | D8: 46251 | E8: 0 | F8: 0 | G8: =E8-F8 | H8: =IF(F8=0,"",(E8-F8)/F8) | I8: 0 | J8: 0 | K8: 0 | L8: =IF(K8=0,"",(J8-K8)/K8) | M8: 0 | N8: 0 | O8: =IF(J8=0,"",E8/J8) | P8: 594 | Q8: 594 | R8: 0 | S8: =IF(AND('Engine Inputs'!E8=0,R8=0),"",IF('Engine Inputs'!E8=0,"📈 Up",IF((R8-'Engine Inputs'!E8)/'Engine Inputs'!E8>Config!$B$2,"📈 Up",IF((R8-'Engine Inputs'!E8)/'Engine Inputs'!E8<-Config!$B$2,"📉 Down","➡ Stable")))) | T8: 0 | U8: 0 | V8: =IF(AND('Engine Inputs'!D8=0,U8=0),"",IF('Engine Inputs'!D8=0,"📈 Up",IF((U8-'Engine Inputs'!D8)/'Engine Inputs'!D8>Config!$B$2,"📈 Up",IF((U8-'Engine Inputs'!D8)/'Engine Inputs'!D8<-Config!$B$2,"📉 Down","➡ Stable")))) | W8: =IF(AND(F8=0,E8=0),"",IF(F8=0,"📈 Up",IF((E8-F8)/F8>Config!$B$2,"📈 Up",IF((E8-F8)/F8<-Config!$B$2,"📉 Down","➡ Stable")))) | X8: Sharmilan
A9: Coventry Lights | B9: UK | C9: GBP | D9: 46251 | E9: 223.61 | F9: 164.5 | G9: =E9-F9 | H9: =IF(F9=0,"",(E9-F9)/F9) | I9: 162.52 | J9: 16 | K9: 7 | L9: =IF(K9=0,"",(J9-K9)/K9) | M9: 15 | N9: 19 | O9: =IF(J9=0,"",E9/J9) | P9: 579 | Q9: 579 | R9: 223.61 | S9: =IF(AND('Engine Inputs'!E9=0,R9=0),"",IF('Engine Inputs'!E9=0,"📈 Up",IF((R9-'Engine Inputs'!E9)/'Engine Inputs'!E9>Config!$B$2,"📈 Up",IF((R9-'Engine Inputs'!E9)/'Engine Inputs'!E9<-Config!$B$2,"📉 Down","➡ Stable")))) | T9: 0 | U9: 0 | V9: =IF(AND('Engine Inputs'!D9=0,U9=0),"",IF('Engine Inputs'!D9=0,"📈 Up",IF((U9-'Engine Inputs'!D9)/'Engine Inputs'!D9>Config!$B$2,"📈 Up",IF((U9-'Engine Inputs'!D9)/'Engine Inputs'!D9<-Config!$B$2,"📉 Down","➡ Stable")))) | W9: =IF(AND(F9=0,E9=0),"",IF(F9=0,"📈 Up",IF((E9-F9)/F9>Config!$B$2,"📈 Up",IF((E9-F9)/F9<-Config!$B$2,"📉 Down","➡ Stable")))) | X9: Genga
A10: Huetten Lampen DE | B10: Germany | C10: EUR | D10: 46251 | E10: 288.24 | F10: 323.05 | G10: =E10-F10 | H10: =IF(F10=0,"",(E10-F10)/F10) | I10: 240.18 | J10: 11 | K10: 13 | L10: =IF(K10=0,"",(J10-K10)/K10) | M10: 13 | N10: 21 | O10: =IF(J10=0,"",E10/J10) | P10: 560 | Q10: 467 | R10: 207.36 | S10: =IF(AND('Engine Inputs'!E10=0,R10=0),"",IF('Engine Inputs'!E10=0,"📈 Up",IF((R10-'Engine Inputs'!E10)/'Engine Inputs'!E10>Config!$B$2,"📈 Up",IF((R10-'Engine Inputs'!E10)/'Engine Inputs'!E10<-Config!$B$2,"📉 Down","➡ Stable")))) | T10: 93 | U10: 37.27 | V10: =IF(AND('Engine Inputs'!D10=0,U10=0),"",IF('Engine Inputs'!D10=0,"📈 Up",IF((U10-'Engine Inputs'!D10)/'Engine Inputs'!D10>Config!$B$2,"📈 Up",IF((U10-'Engine Inputs'!D10)/'Engine Inputs'!D10<-Config!$B$2,"📉 Down","➡ Stable")))) | W10: =IF(AND(F10=0,E10=0),"",IF(F10=0,"📈 Up",IF((E10-F10)/F10>Config!$B$2,"📈 Up",IF((E10-F10)/F10<-Config!$B$2,"📉 Down","➡ Stable")))) | X10: Jarsini
A11: DC Transformer | B11: UK | C11: GBP | D11: 46251 | E11: 111.89 | F11: 78.99 | G11: =E11-F11 | H11: =IF(F11=0,"",(E11-F11)/F11) | I11: 106.52 | J11: 8 | K11: 7 | L11: =IF(K11=0,"",(J11-K11)/K11) | M11: 15 | N11: 14 | O11: =IF(J11=0,"",E11/J11) | P11: 509 | Q11: 509 | R11: 115.44 | S11: =IF(AND('Engine Inputs'!E11=0,R11=0),"",IF('Engine Inputs'!E11=0,"📈 Up",IF((R11-'Engine Inputs'!E11)/'Engine Inputs'!E11>Config!$B$2,"📈 Up",IF((R11-'Engine Inputs'!E11)/'Engine Inputs'!E11<-Config!$B$2,"📉 Down","➡ Stable")))) | T11: 0 | U11: 0 | V11: =IF(AND('Engine Inputs'!D11=0,U11=0),"",IF('Engine Inputs'!D11=0,"📈 Up",IF((U11-'Engine Inputs'!D11)/'Engine Inputs'!D11>Config!$B$2,"📈 Up",IF((U11-'Engine Inputs'!D11)/'Engine Inputs'!D11<-Config!$B$2,"📉 Down","➡ Stable")))) | W11: =IF(AND(F11=0,E11=0),"",IF(F11=0,"📈 Up",IF((E11-F11)/F11>Config!$B$2,"📈 Up",IF((E11-F11)/F11<-Config!$B$2,"📉 Down","➡ Stable")))) | X11: — not assigned
A12: ElectricalSone UK | B12: Germany | C12: EUR | D12: 46251 | E12: 14.14 | F12: 60.28 | G12: =E12-F12 | H12: =IF(F12=0,"",(E12-F12)/F12) | I12: 208.28 | J12: 1 | K12: 4 | L12: =IF(K12=0,"",(J12-K12)/K12) | M12: 10 | N12: 1 | O12: =IF(J12=0,"",E12/J12) | P12: 491 | Q12: 454 | R12: 7.47 | S12: =IF(AND('Engine Inputs'!E12=0,R12=0),"",IF('Engine Inputs'!E12=0,"📈 Up",IF((R12-'Engine Inputs'!E12)/'Engine Inputs'!E12>Config!$B$2,"📈 Up",IF((R12-'Engine Inputs'!E12)/'Engine Inputs'!E12<-Config!$B$2,"📉 Down","➡ Stable")))) | T12: 37 | U12: 0 | V12: =IF(AND('Engine Inputs'!D12=0,U12=0),"",IF('Engine Inputs'!D12=0,"📈 Up",IF((U12-'Engine Inputs'!D12)/'Engine Inputs'!D12>Config!$B$2,"📈 Up",IF((U12-'Engine Inputs'!D12)/'Engine Inputs'!D12<-Config!$B$2,"📉 Down","➡ Stable")))) | W12: =IF(AND(F12=0,E12=0),"",IF(F12=0,"📈 Up",IF((E12-F12)/F12>Config!$B$2,"📈 Up",IF((E12-F12)/F12<-Config!$B$2,"📉 Down","➡ Stable")))) | X12: Kobiga
A13: Vintage Interior | B13: UK | C13: GBP | D13: 46251 | E13: 6.99 | F13: 102.12 | G13: =E13-F13 | H13: =IF(F13=0,"",(E13-F13)/F13) | I13: 78.14 | J13: 1 | K13: 9 | L13: =IF(K13=0,"",(J13-K13)/K13) | M13: 7 | N13: 1 | O13: =IF(J13=0,"",E13/J13) | P13: 487 | Q13: 487 | R13: 6.99 | S13: =IF(AND('Engine Inputs'!E13=0,R13=0),"",IF('Engine Inputs'!E13=0,"📈 Up",IF((R13-'Engine Inputs'!E13)/'Engine Inputs'!E13>Config!$B$2,"📈 Up",IF((R13-'Engine Inputs'!E13)/'Engine Inputs'!E13<-Config!$B$2,"📉 Down","➡ Stable")))) | T13: 0 | U13: 0 | V13: =IF(AND('Engine Inputs'!D13=0,U13=0),"",IF('Engine Inputs'!D13=0,"📈 Up",IF((U13-'Engine Inputs'!D13)/'Engine Inputs'!D13>Config!$B$2,"📈 Up",IF((U13-'Engine Inputs'!D13)/'Engine Inputs'!D13<-Config!$B$2,"📉 Down","➡ Stable")))) | W13: =IF(AND(F13=0,E13=0),"",IF(F13=0,"📈 Up",IF((E13-F13)/F13>Config!$B$2,"📈 Up",IF((E13-F13)/F13<-Config!$B$2,"📉 Down","➡ Stable")))) | X13: — not assigned
... A33: ElectricalSone UK | B33: Italy | C33: EUR | D33: 46251 | E33: 0 | F33: 0 | G33: =E33-F33 | H33: =IF(F33=0,"",(E33-F33)/F33) | I33: 0 | J33: 0 | K33: 0 | L33: =IF(K33=0,"",(J33-K33)/K33) | M33: 0 | N33: 0 | O33: =IF(J33=0,"",E33/J33) | P33: 1 | Q33: 1 | R33: 0 | S33: =IF(AND('Engine Inputs'!E33=0,R33=0),"",IF('Engine Inputs'!E33=0,"📈 Up",IF((R33-'Engine Inputs'!E33)/'Engine Inputs'!E33>Config!$B$2,"📈 Up",IF((R33-'Engine Inputs'!E33)/'Engine Inputs'!E33<-Config!$B$2,"📉 Down","➡ Stable")))) | T33: 0 | U33: 0 | V33: =IF(AND('Engine Inputs'!D33=0,U33=0),"",IF('Engine Inputs'!D33=0,"📈 Up",IF((U33-'Engine Inputs'!D33)/'Engine Inputs'!D33>Config!$B$2,"📈 Up",IF((U33-'Engine Inputs'!D33)/'Engine Inputs'!D33<-Config!$B$2,"📉 Down","➡ Stable")))) | W33: =IF(AND(F33=0,E33=0),"",IF(F33=0,"📈 Up",IF((E33-F33)/F33>Config!$B$2,"📈 Up",IF((E33-F33)/F33<-Config!$B$2,"📉 Down","➡ Stable")))) | X33: Kobiga

Sheet KPI Summary
A1: Daily Sales Track — KPI Summary
A2: Reporting day | B2: 46251
A3: Generated | B3: 46252
A5: KPI | B5: Value
A6: Rows (account x marketplace) | B6: =COUNTA('Daily Sales Track'!A2:A33)
A7: Total Sales Today — GBP | B7: =SUMIF('Daily Sales Track'!$C$2:$C$33,"GBP",'Daily Sales Track'!$E$2:$E$33)
A8: Total Sales Today — EUR | B8: =SUMIF('Daily Sales Track'!$C$2:$C$33,"EUR",'Daily Sales Track'!$E$2:$E$33)
A9: Total Sales Today — USD | B9: =SUMIF('Daily Sales Track'!$C$2:$C$33,"USD",'Daily Sales Track'!$E$2:$E$33)
A10: Total Sales Today — CAD | B10: =SUMIF('Daily Sales Track'!$C$2:$C$33,"CAD",'Daily Sales Track'!$E$2:$E$33)
A11: Total Sales Yesterday — GBP | B11: =SUMIF('Daily Sales Track'!$C$2:$C$33,"GBP",'Daily Sales Track'!$F$2:$F$33)
A12: Total Sales Yesterday — EUR | B12: =SUMIF('Daily Sales Track'!$C$2:$C$33,"EUR",'Daily Sales Track'!$F$2:$F$33)
A13: Total Sales Yesterday — USD | B13: =SUMIF('Daily Sales Track'!$C$2:$C$33,"USD",'Daily Sales Track'!$F$2:$F$33)
A14: Total Sales Yesterday — CAD | B14: =SUMIF('Daily Sales Track'!$C$2:$C$33,"CAD",'Daily Sales Track'!$F$2:$F$33)
A15: Same Day LY Sales — GBP | B15: =SUMIF('Daily Sales Track'!$C$2:$C$33,"GBP",'Daily Sales Track'!$I$2:$I$33)
A16: Same Day LY Sales — EUR | B16: =SUMIF('Daily Sales Track'!$C$2:$C$33,"EUR",'Daily Sales Track'!$I$2:$I$33)
A17: Same Day LY Sales — USD | B17: =SUMIF('Daily Sales Track'!$C$2:$C$33,"USD",'Daily Sales Track'!$I$2:$I$33)
A18: Same Day LY Sales — CAD | B18: =SUMIF('Daily Sales Track'!$C$2:$C$33,"CAD",'Daily Sales Track'!$I$2:$I$33)
A19: Sales Growth — GBP | B19: =IF(B11=0,"",(B7-B11)/B11)
A20: Sales Growth — EUR | B20: =IF(B12=0,"",(B8-B12)/B12)
A21: Sales Growth — USD | B21: =IF(B13=0,"",(B9-B13)/B13)
A22: Sales Growth — CAD | B22: =IF(B14=0,"",(B10-B14)/B14)
A23: Total Orders | B23: =SUM('Daily Sales Track'!J2:J33)
A24: Yesterday Orders | B24: =SUM('Daily Sales Track'!K2:K33)
A25: Total Units Sold | B25: =SUM('Daily Sales Track'!N2:N33)
A26: Avg Order Value — GBP | B26: =IF(SUMIF('Daily Sales Track'!$C$2:$C$33,"GBP",'Daily Sales Track'!$J$2:$J$33)=0,"",SUMIF('Daily Sales Track'!$C$2:$C$33,"GBP",'Daily Sales Track'!$E$2:$E$33)/SUMIF('Daily Sales Track'!$C$2:$C$33,"GBP",'Daily Sales Track'!$J$2:$J$33))
A27: Avg Order Value — EUR | B27: =IF(SUMIF('Daily Sales Track'!$C$2:$C$33,"EUR",'Daily Sales Track'!$J$2:$J$33)=0,"",SUMIF('Daily Sales Track'!$C$2:$C$33,"EUR",'Daily Sales Track'!$E$2:$E$33)/SUMIF('Daily Sales Track'!$C$2:$C$33,"EUR",'Daily Sales Track'!$J$2:$J$33))
A28: Avg Order Value — USD | B28: =IF(SUMIF('Daily Sales Track'!$C$2:$C$33,"USD",'Daily Sales Track'!$J$2:$J$33)=0,"",SUMIF('Daily Sales Track'!$C$2:$C$33,"USD",'Daily Sales Track'!$E$2:$E$33)/SUMIF('Daily Sales Track'!$C$2:$C$33,"USD",'Daily Sales Track'!$J$2:$J$33))
A29: Avg Order Value — CAD | B29: =IF(SUMIF('Daily Sales Track'!$C$2:$C$33,"CAD",'Daily Sales Track'!$J$2:$J$33)=0,"",SUMIF('Daily Sales Track'!$C$2:$C$33,"CAD",'Daily Sales Track'!$E$2:$E$33)/SUMIF('Daily Sales Track'!$C$2:$C$33,"CAD",'Daily Sales Track'!$J$2:$J$33))
A31: NOTE: money is never summed across currencies. orders.total is in each marketplace's own currency and ledsone holds no exchange rates.

Sheet Config
A1: Editable engine configuration
A2: Trend band (+/-) | B2: 0.05 | C2: PROVISIONAL - decision E is OPEN. Change this cell and every trend column on the report re-evaluates. Above +band = Up, below -band = Down, else Stable.
A4: Evidence for the default: the source sample brackets the band - +6.91% shows 'Up' and +3.89% shows 'Stable', so the cut sits between them. 5% is the nearest round value.
A6: MEASURED WARNING (2026-07-23, last 30 days, live): day-over-day account sales are far more volatile than this band assumes. Median absolute daily move by account:
A7: led_sone 15.6% | so_926407 18.5% | electricalsone 40.4% | ledsonede 48.1% | lighting_sone 62.6%
A8: At +/-5% only 6.5% of account-days read 'Stable'; at +/-10% just 14.6%; at +/-20% only 25.5%.
A9: CONSEQUENCE: whatever band is chosen, most rows will read Up or Down every day.
A10: RECOMMENDATION: compare against the SAME WEEKDAY LAST WEEK rather than the previous day. Daily retail has a strong weekday rhythm; removing it makes 'Stable' meaningful.

Sheet Engine Inputs
A1: Account | B1: Market | C1: Currency | D1: PH Sales 2026-08-16 | E1: AH Sales 2026-08-16 | F1: Prior-day (R-2) AH / PH sales - these drive the AH Sales Trend and PH Sales Trend columns. Rows 2..33 align 1:1 with 'Daily Sales Track' rows 2..33; do not sort or insert rows on either sheet independently.
A2: LEDSone UK | B2: UK | C2: GBP | D2: 582.95 | E2: 621.32
A3: ElectricalSone UK | B3: UK | C3: GBP | D3: 157.43 | E3: 146.03
A4: LEDSone UK | B4: Germany | C4: EUR | D4: 22.44 | E4: 201.31
A5: Sunsone | B5: UK | C5: GBP | D5: 130.93 | E5: 106.36
A6: LEDSone DE | B6: Germany | C6: EUR | D6: 0 | E6: 186.49
A7: LEDSone UK | B7: Ireland | C7: EUR | D7: 0 | E7: 0
A8: LEDSone UK | B8: Austria | C8: EUR | D8: 0 | E8: 0
A9: Coventry Lights | B9: UK | C9: GBP | D9: 0 | E9: 197.39
A10: Huetten Lampen DE | B10: Germany | C10: EUR | D10: 58.87 | E10: 204.99
A11: DC Transformer | B11: UK | C11: GBP | D11: 0 | E11: 85.44
A12: ElectricalSone UK | B12: Germany | C12: EUR | D12: 0 | E12: 33.68
A13: Vintage Interior | B13: UK | C13: GBP | D13: 0 | E13: 107.38
... A33: ElectricalSone UK | B33: Italy | C33: EUR | D33: 0 | E33: 0

Sheet Data Notes
A1: REQ-17-D01 Daily Sales Track — sources, definitions, assumptions and gaps
A3: SOURCE (locked by owner instruction 2026-07-23):
A4: Raw ledsone Postgres via the Ledsone DB MCP (https://mcp.ledsone.co.uk/mcp), read-only.
A5: Query patterns from the AIOS knowledge base (https://docs.ledsone.co.uk/mcp).
A6: The warehouse order_management_copy is OUT OF SCOPE for data retrieval.
A8: GRAIN: one row per ACCOUNT x MARKETPLACE (30 rows). CHANGED 2026-07-23.
A9: It was one row per account. A Seller Hub check on 22 Jul showed LEDSone UK at GBP 837.93
A10: while the account row read GBP 1,144.51 - both correct, because the account row combined
A11: UK (837.93) and Germany (306.58). Seller Hub reports per marketplace, so this report now
A12: does too: EVERY ROW TIES TO ONE SELLER HUB SCREEN.
A13: Consequence: an account appears on several rows (LEDSone UK sells on 10 sites).
A15: ANCHOR (decision B): a report generated on date R reports R-1 as "Today" and R-2 as "Yesterday".
... A94: Portfolio Holder dashboard app already exists in the ph_dashboard database).
